item_id,movie_avg_rating,movie_rating_std,movie_rating_count
1,3.8783185840707963,0.9278967014291224,452
2,3.2061068702290076,0.9664969039857162,131
3,3.033333333333333,1.2127598760075846,90
4,3.550239234449761,0.9650689693325767,209
5,3.302325581395349,0.946445578956407,86
6,3.576923076923077,1.3014784492438412,26
7,3.798469387755102,0.9820369790473795,392
8,3.9954337899543377,1.0022805046720515,219
9,3.8963210702341136,1.0423675187854735,299
10,3.831460674157303,1.0139476750012544,89
11,3.847457627118644,1.0689196665400291,236
12,4.385767790262173,0.8255003440679946,267
13,3.4184782608695654,1.0316763744514708,184
14,3.9672131147540983,0.9994594107182201,183
15,3.7781569965870307,0.9802505354520151,293
16,3.2051282051282053,1.030571818266242,39
17,3.119565217391304,1.1752240030047094,92
18,2.8,1.3165611772087666,10
19,3.9565217391304346,1.06321906614239,69
20,3.4166666666666665,1.2304814127170929,72
21,2.761904761904762,1.0484532223686105,84
22,4.151515151515151,0.9624395702016442,297
23,4.1208791208791204,0.8518444704769149,182
24,3.4482758620689653,1.0000996561864055,174
25,3.4436860068259385,1.0342107359122334,293
26,3.452054794520548,0.8981631856555751,73
27,3.1052631578947367,1.0968169942141641,57
28,3.931159420289855,0.8083474252741203,276
29,2.6666666666666665,1.0276415706072415,114
30,3.945945945945946,0.8480679331393324,37
31,3.6298701298701297,0.8852553909502717,154
32,3.7901234567901234,1.0573084860001367,81
33,3.4536082474226806,1.0608626458051038,97
34,2.7142857142857144,1.3801311186847083,7
35,2.1818181818181817,1.3280197150781927,11
36,2.1538461538461537,0.898717034272917,13
37,2.25,1.0350983390135313,8
38,3.0083333333333333,1.0166333741162281,120
39,3.264367816091954,1.0282042385447814,87
40,2.8947368421052633,1.1129787978714052,57
41,3.081081081081081,1.1396485417876856,37
42,3.804054054054054,1.1167176378890806,148
43,3.0,0.8770580193070292,40
44,3.3417721518987342,1.0112961466047508,79
45,4.05,0.8844650818504132,80
46,3.5555555555555554,0.9336995618478525,27
47,3.601503759398496,1.0726620074295206,133
48,4.094017094017094,0.9736432291328843,117
49,3.3209876543209877,0.8920084149522801,81
50,4.3584905660377355,0.8813410116763765,583
51,3.45679012345679,1.1624261558917344,81
52,3.769230769230769,0.9077067940318742,91
53,2.953125,1.3272396018164618,128
54,3.2403846153846154,0.8301969857213536,104
55,3.704697986577181,1.01677388398039,149
56,4.060913705583756,1.150879817295221,394
57,4.0,1.1547005383792512,40
58,3.645714285714286,0.8374643094618012,175
59,4.0602409638554215,1.0163228504517052,83
60,4.015625,1.0614782669047496,64
61,3.864406779661017,0.9730440525634519,59
62,3.141732283464567,1.013593399027776,127
63,3.097560975609756,0.9507600091513663,82
64,4.445229681978798,0.7670082342819283,283
65,3.5391304347826087,0.9577656428882682,115
66,3.549382716049383,0.9328542264996001,162
67,3.0485436893203883,1.2157354005905237,103
68,3.417910447761194,1.1124619277945107,134
69,3.853582554517134,1.0754626621574104,321
70,3.6613545816733066,0.8904271771284412,251
71,3.7818181818181817,0.9781337012737348,220
72,3.193798449612403,0.9848661027317762,129
73,3.46875,0.8505440593234388,128
74,3.0,1.4142135623730951,7
75,3.0,1.4142135623730951,5
76,3.4074074074074074,0.8582236705098153,54
77,3.2781456953642385,0.9533026130063214,151
78,2.4545454545454546,1.1205720941473682,33
79,4.044642857142857,0.8035933425109569,336
80,2.764705882352941,0.9942768625326982,68
81,3.5545454545454547,1.121813437173573,110
82,3.7203065134099615,1.0125792950505677,261
83,4.0625,0.8695236791321033,176
84,3.0,1.0289915108550531,18
85,3.0344827586206895,1.0590548126460442,58
86,3.94,0.9846472471612774,150
87,3.9057971014492754,0.9505102829258302,138
88,3.539906103286385,1.011515764625157,213
89,4.138181818181818,0.9056777333039172,275
90,3.0526315789473686,1.0951383965064871,95
91,3.5874125874125875,1.0898292367121343,143
92,3.6153846153846154,0.9883564105747087,104
93,3.7232142857142856,1.0671999350710726,112
94,3.0875912408759123,1.0394742205638536,137
95,3.8127853881278537,0.9120100819126311,219
96,4.0067796610169495,0.9758764431207366,295
97,3.79296875,1.0441758993692245,256
98,4.28974358974359,0.8365969971421026,390
99,3.7093023255813953,0.8965988896287173,172
100,4.155511811023622,0.975755982575976,508
101,3.26027397260274,1.1905577271490353,73
102,3.1296296296296298,1.09967913495721,54
103,1.8666666666666667,0.9154754164341269,15
104,1.4,0.8944271909999159,5
105,2.5675675675675675,0.9662961496336108,74
106,2.887323943661972,1.0078165333977902,71
107,3.5,1.1315864106987361,42
108,3.076923076923077,1.079752464509984,65
109,3.4307692307692306,1.092174145883974,130
110,2.5161290322580645,1.121634751658949,31
111,3.485294117647059,0.9565103712440206,272
112,2.45,1.2343760409722457,20
113,4.111111111111111,0.7817359599705717,9
114,4.447761194029851,0.7644285266855718,67
115,3.7333333333333334,1.2227992865708153,15
116,3.824,1.0554314207332318,125
117,3.693121693121693,0.9804482767325307,378
118,3.2150170648464163,1.1064164121636366,293
119,4.5,0.9999999999999999,4
120,2.2388059701492535,1.1021954982340716,67
121,3.438228438228438,1.1165838396907493,429
122,2.339622641509434,1.1117278911061972,106
123,3.234782608695652,0.9852458485835044,115
124,4.053475935828877,0.9142399176944603,187
125,3.557377049180328,0.9690619988733397,244
126,3.804123711340206,1.057110598693162,97
127,4.283292978208232,0.9345767973628608,413
128,3.5384615384615383,1.03194178428526,65
129,3.8217054263565893,0.9474440320137383,129
130,2.260869565217391,1.2869057782967015,23
131,3.7263157894736842,1.0359711782645544,95
132,4.0772357723577235,0.9594482264752718,246
133,3.871345029239766,1.0659698446327281,171
134,4.292929292929293,0.846042147160581,198
135,3.969111969111969,1.0263068729633669,259
136,4.123809523809523,0.8954504463293892,105
137,3.9005847953216373,1.0496776578619345,171
138,2.5789473684210527,1.3870748387117167,19
139,2.78,0.9321907486328829,50
140,3.2131147540983607,1.1271609482583613,61
141,3.5,0.7315813472236931,72
142,3.0701754385964914,1.0152348272128793,57
143,3.765765765765766,1.1569577437850365,222
144,3.8724279835390947,0.9426647377560735,243
145,2.4461538461538463,1.0901658307163817,65
146,2.5,1.178511301977579,10
147,3.4702702702702704,1.073612568991311,185
148,3.203125,1.0451189511473056,128
149,3.0,1.243163121016122,23
150,3.828025477707006,1.0571996387957208,157
151,3.6319018404907975,1.0952038389252488,326
152,3.6341463414634148,1.0001505457291178,82
153,3.785425101214575,0.9491706486087605,247
154,3.7471264367816093,0.9821339372135229,174
155,3.1020408163265305,1.1441450769372472,98
156,3.9864864864864864,0.9827525310224892,148
157,3.6929133858267718,1.0040537757022465,127
158,2.6166666666666667,0.9404590777041595,60
159,3.227722772277228,0.893097845914006,101
160,3.463768115942029,1.0789388870133625,69
161,3.481818181818182,1.0357254813546262,220
162,3.556603773584906,1.0055104240822197,106
163,3.5543478260869565,0.9418724679166485,92
164,3.589403973509934,0.9112008426891621,151
165,4.109375,0.8566673614968463,64
166,4.120689655172414,0.7273500618840189,58
167,2.955223880597015,0.8949832539637946,67
168,4.0664556962025316,0.9945956031995912,316
169,4.466101694915254,0.8236068619639018,118
170,4.1735537190082646,0.9369959618412914,121
171,3.876923076923077,1.0079014756489764,65
172,4.204359673024523,0.9228031430232908,367
173,4.172839506172839,0.998948344307863,324
174,4.252380952380952,0.8918185799749799,420
175,3.8173076923076925,1.1056676394932918,208
176,3.9471830985915495,0.9289375109331269,284
177,3.8613138686131387,0.908962577303709,137
178,4.344,0.7195876955680268,125
179,3.909502262443439,1.164220467345325,221
180,4.04524886877828,0.9712866614403268,221
181,4.007889546351085,0.923954854284622,507
182,3.9513274336283186,0.9625535523801297,226
183,4.034364261168385,0.9278383431364505,291
184,3.4310344827586206,1.1811868602387179,116
185,4.100418410041841,0.9157583030339465,239
186,3.8366533864541834,0.9258569843007536,251
187,4.186602870813397,0.9191407150323503,209
188,3.6823529411764704,0.9510102346512451,170
189,4.106060606060606,0.9136366535619805,66
190,4.137096774193548,0.9046822864072797,124
191,4.163043478260869,0.8216680229392825,276
192,4.120689655172414,0.9432153372447847,116
193,3.917197452229299,0.7676285780503621,157
194,4.058091286307054,0.8296252215903005,241
195,3.9335548172757475,0.9706889243307472,301
196,3.9163346613545817,0.8972023804882513,251
197,4.104602510460251,0.9175802514269781,239
198,4.0078740157480315,0.877370376553023,127
199,4.175757575757576,0.8333850686084154,165
200,3.825242718446602,1.0114195237365653,206
201,3.5168539325842696,1.1785233398252104,89
202,3.7642857142857142,0.936023115587145,280
203,3.868131868131868,0.9068041289997949,182
204,3.834285714285714,0.9121726502814084,350
205,3.9926470588235294,0.9622221467493819,136
206,3.38,1.122860777893062,50
207,3.8181818181818183,1.0062740246013573,66
208,3.945,0.9033577787244151,200
209,3.905759162303665,1.0060440110741882,191
210,3.930513595166163,0.8762900666304608,331
211,3.912621359223301,0.9171195216041429,206
212,3.4565217391304346,1.2440013734335809,92
213,3.985074626865672,0.9093092034460359,134
214,3.3508771929824563,1.159664706961707,114
215,3.69811320754717,1.0273032042095633,212
216,3.910344827586207,0.8875707789257776,290
217,3.158333333333333,1.0768443887280155,120
218,3.456140350877193,0.9088488278863897,171
219,3.171171171171171,1.3133847589261591,111
220,3.3636363636363638,1.1453768427413362,66
221,3.72972972972973,1.1140115994735287,74
222,3.66027397260274,0.9285963243110591,365
223,4.198529411764706,0.7964723420942705,136
224,3.7045454545454546,1.069221526300532,44
225,2.908256880733945,1.0761839681956293,109
226,3.355421686746988,1.0031167202454188,166
227,3.279503105590062,1.0500665462497105,161
228,3.8155737704918034,0.9616104882752854,244
229,3.111111111111111,0.9606642582054689,171
230,3.4472361809045227,1.0327857295338543,199
231,2.683098591549296,0.9847757300206571,142
232,3.207920792079208,0.8867562425285579,101
233,3.2903225806451615,0.9940816209343503,124
234,3.775,0.9852405415588534,280
235,2.847926267281106,1.1666300923240818,217
236,3.6222222222222222,1.0721450226041949,45
237,3.7109375,0.937907874720189,384
238,3.875,1.013632566757874,256
239,3.513333333333333,0.8954520935826584,150
240,2.7884615384615383,1.2598495321555094,156
241,3.546875,1.056359630661518,128
242,3.9914529914529915,0.9956433243067837,117
243,2.4393939393939394,1.154199605407702,132
244,3.1666666666666665,1.0585685503955446,48
245,3.1083333333333334,0.9835112006120865,240
246,3.935483870967742,1.018063964351011,124
247,1.8,1.7888543819998317,5
248,3.675,0.9420304579193813,160
249,3.246153846153846,1.1348020929225375,130
250,3.4771573604060912,1.1092082304872932,197
251,4.260869565217392,0.9985496729133522,46
252,2.9430379746835444,1.048162911476359,158
253,3.6923076923076925,1.378962820941327,26
254,2.4516129032258065,1.0815504862266057,62
255,3.36046511627907,1.0913031075096509,172
256,3.5625,1.0935416468216166,16
257,3.745874587458746,0.9232686378281769,303
258,3.8035363457760316,0.9944270246912175,509
259,2.685185185185185,1.1392065573899566,162
260,2.574803149606299,1.2118442264566638,127
261,2.558139534883721,1.33277950845655,43
262,3.712121212121212,1.1336143899411233,66
263,2.1578947368421053,1.5004872502970807,19
264,2.742574257425743,0.9127263045024469,101
265,3.8634361233480177,0.8893831008655715,227
266,2.7142857142857144,1.4052721857228894,35
267,3.4444444444444446,1.130388330520878,9
268,3.792156862745098,1.0684898345226819,255
269,3.926984126984127,0.9465334589538921,315
270,3.5955882352941178,0.9457795254050395,136
271,3.2322274881516586,1.174370861112996,211
272,4.262626262626263,0.8258004403156705,198
273,3.569506726457399,1.0060014636044872,223
274,3.5,0.9636241116594316,190
275,4.0111940298507465,0.9014478946565374,268
276,3.697986577181208,1.1703675671529283,298
277,3.464788732394366,1.0800924023367229,71
278,3.2333333333333334,1.1551897146513028,60
279,3.2857142857142856,1.117442279796701,28
280,3.1882352941176473,1.0745333167191677,85
281,3.143835616438356,0.894347969211685,146
282,3.685344827586207,0.953531082661093,232
283,3.7175141242937855,0.9824473910697841,177
284,3.160621761658031,1.0358690126647112,193
285,4.265432098765432,0.8690196509549587,162
286,3.656964656964657,1.1694008155881659,481
287,3.58974358974359,0.9036132007207601,78
288,3.4414225941422596,1.1139103621182211,478
289,2.9806949806949805,1.2340509250725367,259
290,3.1145833333333335,0.9388659639403347,96
291,3.37007874015748,0.9495458363544557,127
292,3.6666666666666665,0.9836420194455291,114
293,3.802721088435374,0.8162682860593107,147
294,3.156701030927835,1.09854404175367,485
295,3.4025974025974026,1.003411814756616,77
296,3.3333333333333335,0.816496580927726,6
297,3.96,0.7273098320775917,50
298,3.768041237113402,0.9618684743878753,194
299,2.9315068493150687,1.194068292334233,73
300,3.6310904872389793,0.9980718474755464,431
301,3.3043478260869565,1.0992169745283795,230
302,4.161616161616162,0.8547214344736717,297
303,3.6865671641791047,0.9688215494626322,134
304,3.5369127516778525,0.9481382178639008,149
305,3.6436781609195403,1.011296790037803,87
306,3.9479166666666665,0.9218949782253902,96
307,3.515957446808511,0.9782449844064833,188
308,2.966666666666667,1.2726115785600325,30
309,2.857142857142857,1.3530291315000689,28
310,3.6,0.8850612031567836,145
311,3.68,0.9028483455902964,75
312,3.1625,1.095950544019532,80
313,4.2457142857142856,0.9468218160621696,350
314,1.0,0.0,5
315,4.1,0.8556140904041456,160
316,4.196428571428571,0.8035875159264829,112
317,3.911764705882353,0.8571532572794459,102
318,4.466442953020135,0.8291093544584514,298
319,3.2738095238095237,1.1197860197236944,168
320,4.05,1.3168942730211068,20
321,3.1301775147928996,1.038359783374482,169
322,3.0871559633027523,0.9774980681613678,218
323,2.933333333333333,1.1033106007509526,240
324,3.136,1.3034940637354466,125
325,2.546875,1.2972373734785803,128
326,3.36,1.1554966091655583,175
327,3.3771428571428572,1.075079712170463,175
328,3.4237288135593222,1.0169212879075786,295
329,3.3333333333333335,1.0,45
330,3.024390243902439,1.1723439102509294,41
331,3.5398230088495577,0.9357521633699708,113
332,3.4615384615384617,0.95511396539396,143
333,3.593625498007968,1.0402880385678048,251
334,3.359375,1.159737073377013,64
335,2.761904761904762,1.1359912809859898,21
336,2.627906976744186,1.2154414407541594,43
337,3.0,1.283377895839496,18
338,2.659340659340659,1.1852780285165185,91
339,3.25531914893617,1.1125389119991729,47
340,3.5873015873015874,1.1755703093300367,189
341,3.090909090909091,1.5782614139961386,11
342,2.923076923076923,1.2020595699270031,52
343,3.096774193548387,1.1506050358819508,124
344,3.6545454545454548,1.125761994091143,55
345,3.4,1.183215956619923,65
346,3.642857142857143,1.0841718366700783,126
347,3.510948905109489,1.0718098240083003,137
348,3.2962962962962963,0.9533267586887031,27
349,2.903225806451613,1.1359236684941296,31
350,3.1463414634146343,1.2157502952859216,41
351,2.7,1.1742858972247996,20
352,2.1153846153846154,1.5053749852292104,26
353,2.4285714285714284,1.3985864135061359,14
354,3.486111111111111,0.9785452778077643,72
355,2.926829268292683,1.0097089655549027,41
356,3.381443298969072,0.883214995639418,97
357,4.291666666666667,0.8421899451284959,264
358,2.6153846153846154,1.1378449913185402,143
359,3.5,1.3394467690277294,18
360,3.2,1.4757295747452437,10
361,3.5,1.7159383568311668,10
362,2.8214285714285716,1.3622848842368125,28
363,2.723404255319149,1.0363423905333031,47
364,2.675675675675676,1.1068989227681203,37
365,3.2083333333333335,1.1290804643759722,48
366,3.3404255319148937,1.0059949810722941,47
367,3.458823529411765,0.9173274944028821,170
368,1.903225806451613,1.106189818240294,31
369,2.6363636363636362,1.2377344351622974,55
370,2.8205128205128207,1.1669076288657099,39
371,3.1641791044776117,1.297982291112483,67
372,3.5294117647058822,0.9919461775980273,34
373,2.8974358974358974,0.9677666039547419,39
374,2.272727272727273,1.1908743922772955,11
375,1.9565217391304348,1.1472600113299678,23
376,2.8333333333333335,0.7613869876268811,24
377,2.1538461538461537,1.0681880176381127,13
378,3.722772277227723,1.087371251056309,101
379,2.9767441860465116,1.204917940162282,43
380,3.336206896551724,0.9504595274620208,116
381,3.55,1.0187633620614691,100
382,3.5945945945945947,1.030254852657856,111
383,2.064516129032258,0.892019576428221,31
384,2.782608695652174,1.01270698998789,69
385,3.5625,1.0749396118304158,208
386,2.8160919540229883,0.9465818019195209,87
387,3.3846153846153846,1.0107594250782996,65
388,2.392857142857143,0.9940297973880048,28
389,3.4444444444444446,1.0500305245868344,27
390,3.2,1.3984117975602022,10
391,2.7457627118644066,0.9576051367322373,59
392,3.5441176470588234,1.0138418659910293,68
393,3.4114583333333335,0.9721105437395294,192
394,3.3333333333333335,1.2309149097933274,12
395,2.5892857142857144,1.0050198679951234,56
396,2.814814814814815,1.1667415369806642,54
397,2.5833333333333335,0.996204919895622,12
398,2.076923076923077,1.0553891006856921,26
399,3.303370786516854,0.9342534012639385,89
400,2.7222222222222223,1.274434386908933,18
401,2.8026315789473686,1.1316034269077986,76
402,3.4647058823529413,1.0096816397135586,170
403,3.427860696517413,0.9465832771064109,201
404,3.6732673267326734,0.8844083999045816,101
405,3.313953488372093,0.9750428311677916,344
406,2.4489795918367347,0.9802470881066145,49
407,2.511627906976744,1.0088204574616504,43
408,4.491071428571429,0.7710474414808451,112
409,3.142857142857143,0.9822440188819679,70
410,3.1296296296296298,1.2165468332035152,162
411,2.914110429447853,1.0852477273440244,163
412,2.3978494623655915,1.1338639683979863,93
413,2.6363636363636362,1.0777829844714388,55
414,3.532258064516129,0.9359441964499399,62
415,2.84,0.8504900548115382,25
416,3.484375,1.0689289625527634,64
417,3.095890410958904,1.0160433001715232,73
418,3.5813953488372094,0.8987636857320713,129
419,3.7247191011235956,0.9900956866245978,178
420,3.6666666666666665,0.85146931829632,81
421,3.5943396226415096,1.1692757374651277,106
422,2.8461538461538463,1.0466062370273814,26
423,3.8333333333333335,1.0436408271731699,300
424,1.3157894736842106,0.6710382982072027,19
425,3.7411764705882353,0.9898646032529446,85
426,2.84375,1.2471742253538984,32
427,4.292237442922374,0.7397520153941253,219
428,3.8181818181818183,1.02469507659596,121
429,3.9381443298969074,0.8875813693883078,97
430,4.0,0.9890707100936805,93
431,3.5359477124183005,1.082310781997006,153
432,3.7701149425287355,1.1090916913291842,174
433,3.690058479532164,1.0016841683038702,171
434,3.8358208955223883,0.8633447102100473,67
435,3.949074074074074,0.8584459046624296,216
436,3.5353535353535355,0.9182184537676286,99
437,1.0,0.0,5
438,1.1666666666666667,0.408248290463863,6
439,1.0,0.0,5
440,1.6428571428571428,1.0082080720186268,14
441,2.5660377358490565,0.9709122190034276,53
442,1.25,0.5,4
443,3.808641975308642,0.8742979481149784,162
444,2.717391304347826,1.0679792648478375,46
445,3.5,0.8591246929842246,22
446,2.4444444444444446,1.130388330520878,9
447,3.5041322314049586,0.9842422376473924,121
448,3.388235294117647,0.97704751611142,85
449,3.034188034188034,1.0661857890406046,117
450,2.3968253968253967,1.1714298202883204,63
451,3.347058823529412,1.2320270721775919,170
452,2.6666666666666665,1.0860419786947368,66
453,1.9375,0.9287087810503355,16
454,2.875,1.0878112581387147,16
455,3.2551724137931033,1.0722465405298172,145
456,2.3125,1.0945950383006222,48
457,1.7407407407407407,1.0594843663344553,27
458,3.1222222222222222,1.1099931954217768,90
459,3.75,1.0320936930842797,24
460,3.0,1.0886621079036347,28
461,3.6216216216216215,0.8058468310681253,74
462,3.804054054054054,0.9084544981943647,148
463,3.859154929577465,1.004216462833264,71
464,3.5925925925925926,1.1522305878752428,27
465,3.5647058823529414,1.0628696424071489,85
466,3.5961538461538463,1.0527203860291616,52
467,3.7916666666666665,0.7978250577006438,48
468,3.3125,1.0671873729054748,64
469,3.7761194029850746,0.9819722813218745,67
470,3.6666666666666665,0.9763559945211496,108
471,3.6108597285067874,0.8648014397735884,221
472,3.0822784810126582,1.0998852857000991,158
473,3.126984126984127,1.0038655446552744,126
474,4.252577319587629,0.8535925644072999,194
475,3.884,1.0785160115402064,250
476,3.01875,1.1015819099833273,160
477,3.210526315789474,1.1750485444214298,95
478,4.115384615384615,0.8396450048264134,104
479,4.251396648044692,0.6856766969918767,179
480,4.284916201117318,0.712919593552373,179
481,3.9365079365079363,1.0139831371158747,63
482,3.984375,0.9719237762148086,128
483,4.45679012345679,0.7281139915531353,243
484,4.2101449275362315,0.7589168092539806,138
485,3.816,1.0502227106359316,125
486,3.796875,0.876133053242558,64
487,4.102941176470588,0.8311061839653588,68
488,4.2,0.8139410298049854,65
489,4.115384615384615,0.7580637397238855,52
490,4.02,0.7690439333539869,50
491,3.791044776119403,0.8445424336332343,67
492,3.864406779661017,0.819116999740323,59
493,4.15,0.819776736865035,60
494,4.0,0.7385489458759963,56
495,3.6610169491525424,0.7792606905559296,59
496,4.121212121212121,0.9925944497958274,231
497,3.838235294117647,0.9713860556871784,68
498,4.184210526315789,0.7583622352731332,152
499,3.9516129032258065,0.7338963913751044,62
500,3.903225806451613,0.9075549096217235,31
501,3.4959349593495936,1.0030607563756748,123
502,3.7017543859649122,1.0344928412495136,57
503,3.641025641025641,0.6683514473837646,39
504,3.819672131147541,0.9536046744247203,122
505,4.0,0.7531030335249471,68
506,3.8555555555555556,0.9547175723460405,90
507,3.816326530612245,0.9775515255279725,98
508,3.5953488372093023,0.9710658678998264,215
509,3.8512396694214877,0.9188866181852307,121
510,3.9421487603305785,0.9064355158270317,121
511,4.23121387283237,0.8718846370200257,173
512,4.0,1.1180339887498947,57
513,4.333333333333333,0.7872218936609644,72
514,3.911111111111111,1.0638230251908127,180
515,4.203980099502488,0.9017671981182224,201
516,3.9682539682539684,1.0467808404858165,63
517,3.769230769230769,1.0228166239135177,91
518,3.651685393258427,1.0235979723449846,89
519,4.1,0.7564072307521773,80
520,4.104838709677419,0.8536725861494188,124
521,3.8333333333333335,1.0398232989297744,120
522,3.7714285714285714,1.1398068537544184,35
523,3.9939024390243905,0.7871432483931672,164
524,4.021739130434782,0.9306898381733986,46
525,4.027397260273973,1.0134183453885999,73
526,3.8306451612903225,0.9518640180394389,124
527,4.02051282051282,0.799219815181729,195
528,4.132231404958677,0.8260563818562929,121
529,3.978494623655914,0.8720103537435769,93
530,4.025,0.8997186620750264,80
531,3.9224806201550386,0.9237525634333106,129
532,3.3181818181818183,1.0413527665568398,22
533,3.6666666666666665,0.8997354108424372,15
534,3.3076923076923075,1.1821319289469756,13
535,3.1666666666666665,1.0047059083453977,54
536,3.3,1.3374935098492584,10
537,3.6333333333333333,1.0661996103898193,30
538,3.4242424242424243,1.0962959462958903,66
539,2.477272727272727,1.1099682870734047,44
540,2.511627906976744,0.8555725741740722,43
541,2.877551020408163,1.0922578499989612,49
542,2.5294117647058822,1.0835670939350381,51
543,3.619047619047619,1.2031704150364766,21
544,3.1549295774647885,1.0643292632846777,71
545,1.8333333333333333,0.7177405625652734,12
546,3.031496062992126,1.0054162245405724,254
547,3.341463414634146,1.2371288554059552,41
548,2.1666666666666665,1.1934162828797101,12
549,3.5652173913043477,0.9054699202058096,92
550,3.2847682119205297,1.01572623243148,151
551,2.4166666666666665,1.1389036172018079,24
552,2.8666666666666667,1.0995866992151684,45
553,3.2857142857142856,1.0988053839918153,63
554,2.803921568627451,1.0812462161442362,102
555,2.0,1.247219128924647,10
556,2.5,0.9045340337332909,12
557,3.1176470588235294,1.3173056280328643,17
558,3.6714285714285713,1.0996893971419088,70
559,3.1824817518248176,1.06563277323154,137
560,2.727272727272727,0.9351250581921514,22
561,3.0677966101694913,1.096458354629389,59
562,3.2083333333333335,1.1290804643759722,48
563,2.413793103448276,1.1185846088220577,29
564,2.037037037037037,1.0554430889252695,27
565,2.6818181818181817,0.9454836825347087,22
566,3.569832402234637,0.8475910841381525,179
567,2.8,1.207817672255115,35
568,3.6478260869565218,0.9722658742961542,230
569,2.701492537313433,0.9536997395015282,67
570,3.1,0.9741558354989899,50
571,2.5,1.0,28
572,2.7586206896551726,0.9507580589716331,29
573,2.9393939393939394,1.248483929096455,33
574,2.2,1.3201731488169053,15
575,2.5454545454545454,1.044465935734187,44
576,3.021505376344086,1.021278978873144,93
577,2.2195121951219514,0.9877295966495897,41
578,3.152173913043478,1.0476009496185381,92
579,2.6315789473684212,1.0651304727481081,19
580,3.375,1.1570262215781262,32
581,3.2203389830508473,1.130575023211327,59
582,3.6011904761904763,1.1327454907149717,168
583,3.0,1.1785113019775793,37
584,3.5443037974683542,0.9580625261222532,79
585,2.4871794871794872,1.1441336614913598,39
586,2.676470588235294,0.9118940739685927,34
587,3.5714285714285716,0.5135525910130955,14
588,3.792079207920792,0.9805758454702868,202
589,4.023255813953488,0.9125675994014351,43
590,2.0,1.0289915108550531,18
591,3.601123595505618,0.8526455184413231,178
592,3.3333333333333335,1.224744871391589,9
593,3.1666666666666665,1.5859229221975182,12
594,2.4,0.8944271909999159,5
595,3.09375,0.9875213479709758,64
596,3.377952755905512,0.9994374120511118,127
597,3.150485436893204,0.9786375583016363,206
598,2.25,0.9574271077563381,4
599,1.0,0.0,1
600,3.0,1.4142135623730951,2
601,4.0,0.8583950752789521,20
602,3.7,0.8630747123996123,50
603,4.3875598086124405,0.7125511300898141,209
604,4.012345679012346,0.7825251938515116,81
605,3.3548387096774195,0.9146360695844802,31
606,4.045454545454546,0.8670341698850466,66
607,3.9696969696969697,0.9276885579794872,66
608,3.933333333333333,0.5208304597621878,30
609,3.5833333333333335,0.787436662326019,60
610,3.658536585365854,1.039465153277419,41
611,4.1,0.8711913446392582,40
612,3.9411764705882355,0.8143105085150717,34
613,4.037037037037037,0.8979241650984823,27
614,3.7450980392156863,0.844822756675078,51
615,4.0508474576271185,0.8595052468909541,59
616,3.421875,1.0955130348488828,64
617,3.7777777777777777,0.6467616667635546,18
618,3.611111111111111,0.7775443160352296,18
619,3.171875,0.8461807285662002,64
620,3.0930232558139537,0.7500461410686708,43
621,2.909090909090909,1.300349603340998,11
622,3.358974358974359,0.8106910465827574,39
623,2.923076923076923,1.085420495394233,39
624,3.272727272727273,1.162174406295953,22
625,3.3292682926829267,0.7544907210284543,82
626,3.25,1.707825127659933,4
627,3.2266666666666666,1.0851993630930943,75
628,3.514792899408284,0.9518560119935835,169
629,3.3376623376623376,0.9263736544407077,77
630,3.2903225806451615,0.9016114605562929,31
631,3.6218487394957983,1.0250390371950824,119
632,3.896551724137931,0.9307543662321079,58
633,4.057971014492754,0.8555022255792294,69
634,3.75,1.224744871391589,24
635,2.739130434782609,1.0538842141140996,23
636,3.241758241758242,0.8986491014685363,91
637,3.026315789473684,0.8538257973242475,38
638,3.772727272727273,0.9366848111920951,44
639,3.7,0.9922778767136677,40
640,3.024390243902439,1.323814258689104,82
641,4.212121212121212,1.0234004518508308,33
642,3.4831460674157304,0.9898617850093312,89
643,3.0,1.4142135623730951,4
644,3.7714285714285714,1.0025178386476337,35
645,3.814814814814815,0.9622504486493763,27
646,3.8684210526315788,0.9055699304881251,38
647,4.1,0.9802395448141192,70
648,4.029850746268656,0.8343051773187973,67
649,3.4,0.9035079029052512,50
650,3.5416666666666665,1.197856066031966,72
651,4.076023391812866,0.7821978684015682,171
652,3.888888888888889,0.9533435477832087,90
653,3.911764705882353,0.8657680793384714,34
654,4.136054421768708,0.9836990280771366,147
655,3.881057268722467,0.8460960484805815,227
656,4.0,0.9644856443408242,44
657,4.259541984732825,0.7604430516233182,131
658,3.4177215189873418,1.0452284124891487,79
659,4.078260869565217,0.859904381536228,115
660,3.764705882352941,0.971736819216208,153
661,4.1022727272727275,0.8170562907389886,88
662,3.426829268292683,0.9690327085521429,82
663,3.9051724137931036,1.0630427884215157,116
664,3.5434782608695654,1.0264614890027766,46
665,2.83,1.1014682579322579,100
666,2.4,1.140175425099138,5
667,2.1666666666666665,1.1146408580454255,12
668,2.1666666666666665,1.4719601443879744,6
669,1.6153846153846154,1.0439078454267836,13
670,3.0,1.1710800875382399,36
671,3.608695652173913,1.0430353327256034,46
672,2.723076923076923,1.218447940872069,65
673,3.5232558139534884,0.8908257132775121,86
674,2.8958333333333335,0.8809951658604622,48
675,3.5555555555555554,1.0757475095962414,54
676,3.3376623376623376,1.020969477485797,77
677,3.0,0.0,1
678,2.808219178082192,1.022555723968792,219
679,3.046728971962617,1.0405294150511404,107
680,2.5588235294117645,1.4604104128549087,34
681,2.4444444444444446,1.3959648809042255,27
682,3.06,1.2045368781855914,100
683,2.4081632653061225,1.1711526968998458,49
684,3.7928994082840237,0.7858551578419466,169
685,3.356687898089172,0.9129603780931514,157
686,3.68,0.9354688882139942,50
687,2.1884057971014492,1.1150753379828935,69
688,1.8409090909090908,1.0771016625849859,44
689,3.1494252873563218,1.1666762133492627,87
690,3.458064516129032,1.0704939367123543,155
691,3.5,1.0327955589886444,16
692,3.6280487804878048,0.9538780246705679,164
693,3.6483516483516483,0.9817628857613041,91
694,4.045454545454546,1.0987211478243841,44
695,2.923076923076923,1.255755978254962,13
696,3.1392405063291138,0.8432868723675427,79
697,3.425,1.2585604311968333,40
698,3.0,1.1547005383792515,10
699,3.676470588235294,0.9560828157704392,102
700,2.6,1.0555973258234952,15
701,4.0,0.6666666666666669,10
702,3.018867924528302,1.1178717078884914,53
703,3.5789473684210527,0.837707816583391,19
704,3.0416666666666665,0.8064504441319256,24
705,3.9927007299270074,0.9888819471337877,137
706,2.6666666666666665,1.0327955589886444,6
707,3.9285714285714284,1.0400867936390104,70
708,3.4752475247524752,0.912075209683287,101
709,4.028846153846154,0.8972095984106552,104
710,3.569620253164557,0.8724199221763514,79
711,4.0,0.0,1
712,3.0784313725490198,0.7705358461460949,51
713,3.611111111111111,0.986608296712738,72
714,3.230769230769231,1.0127393670836666,13
715,3.2758620689655173,1.1682789485752287,87
716,3.1551724137931036,1.2254855698998124,58
717,2.817073170731707,1.1453399816614676,82
718,3.6875,1.25,16
719,2.413793103448276,1.0527936095153947,29
720,3.0232558139534884,1.1164728513971922,86
721,3.4444444444444446,1.1437552625579175,54
722,2.9310344827586206,0.9150221733583548,58
723,3.1470588235294117,1.1581686939766869,34
724,3.486842105263158,0.9590748466118316,76
725,2.75,0.9309493362512629,16
726,2.4285714285714284,1.0894095588038442,14
727,3.4603174603174605,1.1191211532528378,63
728,3.022222222222222,0.7830270194133233,45
729,3.4814814814814814,0.9234596784796713,81
730,3.5,0.9780192938436515,24
731,3.1538461538461537,0.8441271274443497,39
732,3.65,0.8810544723456228,180
733,3.2,1.082325538564332,15
734,2.5185185185185186,0.8489980687832692,27
735,3.854014598540146,0.9513160078775817,137
736,3.9358974358974357,0.9305736757330747,78
737,2.983050847457627,1.1062756005022032,59
738,2.838709677419355,1.0359142240407226,31
739,3.323170731707317,1.0905954675035738,164
740,3.4761904761904763,1.133893419027682,63
741,3.4482758620689653,1.1723782066411583,58
742,3.644194756554307,0.9482839702552606,267
743,1.9487179487179487,1.122701580744504,39
744,3.4565217391304346,0.9540318546788663,92
745,3.875,1.2041594578792294,16
746,3.6638655462184873,0.9231239419912436,119
747,3.4607843137254903,0.9299373834711924,102
748,3.1234177215189876,1.1411310302193147,316
749,3.176470588235294,1.0715574152221836,51
750,3.8548387096774195,1.064532023500695,124
751,3.4277777777777776,0.9216850948282466,180
752,3.3076923076923075,1.1274994726068588,39
753,3.7083333333333335,1.3014763077790332,24
754,3.3859649122807016,1.0133816437501342,57
755,3.3125,0.9097425893885415,96
756,2.8984375,1.025960995636252,128
757,2.75,1.2583057392117916,4
758,1.7142857142857142,0.9023778112773575,21
759,2.1818181818181817,0.9816498172140428,11
760,2.652173913043478,1.2510864843424487,46
761,3.0454545454545454,1.0332730892438855,44
762,3.391304347826087,0.9615014955048814,115
763,3.389261744966443,1.2231517187056598,149
764,2.7586206896551726,1.1848801149059374,29
765,2.8125,0.9651174088696285,32
766,3.111111111111111,0.9279607271383371,9
767,2.1818181818181817,1.3280197150781925,11
768,3.076923076923077,1.026055723100843,52
769,2.4523809523809526,1.2533346924647286,42
770,3.3859649122807016,0.940258056616683,57
771,2.6341463414634148,0.9153168184015741,41
772,3.061224489795918,1.2484684494963239,49
773,2.9411764705882355,1.0289915108550531,17
774,2.9375,1.2935946415992117,32
775,2.769230769230769,1.1766968108291043,26
776,3.2222222222222223,1.3017082793177757,9
777,1.25,0.5,4
778,3.5526315789473686,0.9851529403039277,76
779,2.5483870967741935,0.9251561914047939,31
780,3.0,1.224744871391589,69
781,3.3333333333333335,0.9735456664474628,84
782,2.6,0.8432740427115677,10
783,2.72972972972973,1.0178585540417864,37
784,1.0,0.0,2
785,3.1538461538461537,0.9877795817004377,39
786,2.642857142857143,1.0818177620697815,14
787,3.230769230769231,0.9268086959962983,13
788,1.6666666666666667,1.1547005383792517,3
789,3.574468085106383,0.9944340940643364,47
790,2.909090909090909,1.0630474731026505,66
791,2.5,1.2692955176439846,10
792,3.7209302325581395,0.915888033109335,86
793,3.5,1.35400640077266,10
794,3.652173913043478,0.8998121113592504,46
795,2.4285714285714284,0.9258200997725514,21
796,3.0833333333333335,0.9964221709983889,36
797,3.096774193548387,0.8700512900466432,31
798,2.2222222222222223,1.092906420717,9
799,3.2,1.3038404810405297,5
800,2.8846153846153846,1.2108483993274493,26
801,2.8125,0.6551081335677849,16
802,2.7,1.0426789952710696,40
803,2.5555555555555554,0.5270462766947299,9
804,2.875,0.9910312089651148,8
805,3.6296296296296298,0.8388704928078609,27
806,3.46,0.9304376850247875,50
807,2.7777777777777777,1.3017082793177757,9
808,2.838709677419355,0.9694250596289323,31
809,2.9069767441860463,0.9955604664225236,43
810,2.888888888888889,0.9101004495564368,45
811,3.9444444444444446,0.5393048054696103,18
812,3.111111111111111,1.078609610939221,18
813,3.892857142857143,1.0212037714663724,56
814,5.0,0.0,1
815,3.232142857142857,0.8902084264210502,112
816,2.4285714285714284,1.3627702877384937,21
817,2.6666666666666665,1.5275252316519465,3
818,2.76,1.0519822558706333,25
819,2.7,0.9391758525703704,40
820,2.774193548387097,1.0014015423836526,93
821,3.0454545454545454,1.0900971004051374,22
822,3.0,0.816496580927726,4
823,2.8780487804878048,0.8942925185319388,82
824,2.7551020408163267,1.0313949341566893,49
825,3.036144578313253,1.1836877382861695,83
826,2.575,1.06468037635596,80
827,2.7719298245614037,1.0354009551109231,57
828,2.6923076923076925,1.2506408613597126,13
829,2.6470588235294117,1.0115200964517939,34
830,1.0,0.0,1
831,2.4615384615384617,1.0884003788199381,91
832,2.5454545454545454,1.1009637651263606,22
833,3.204081632653061,1.1361409800419189,49
834,2.2,1.2583057392117916,25
835,3.8666666666666667,0.9154754164341269,15
836,3.769230769230769,0.9922778767136676,26
837,3.92,0.9092121131323906,25
838,2.75,1.707825127659933,4
839,2.5,1.7320508075688772,4
840,2.660377358490566,1.1425914578174932,53
841,2.75,1.0619131671036408,48
842,3.1481481481481484,1.0990801644908383,27
843,3.0,1.0170952554312156,30
844,3.357142857142857,1.2061110366598147,42
845,3.465909090909091,0.9791992487901373,176
846,3.0681818181818183,0.9976187292568535,44
847,3.727272727272727,0.8703882797784892,55
848,3.5555555555555554,0.8819171036881969,9
849,2.7169811320754715,1.026145860275347,53
850,4.0,1.4142135623730951,4
851,3.75,1.8929694486000914,4
852,1.0,0.0,1
853,3.857142857142857,1.6104057232283402,14
854,3.375,1.707825127659933,16
855,3.727272727272727,1.0309883912717266,66
856,3.8333333333333335,1.0555973258234952,36
857,3.0,0.0,1
858,1.0,0.0,3
859,2.6666666666666665,0.8997354108424374,15
860,2.25,1.1832159566199232,16
861,2.3333333333333335,1.1547005383792515,3
862,2.111111111111111,1.3234931004459767,18
863,3.9166666666666665,0.8805466023105079,24
864,3.1627906976744184,0.9185726154174212,86
865,3.4761904761904763,1.2090925365350502,21
866,3.319327731092437,1.149301726910173,119
867,4.0,0.8944271909999159,6
868,3.8,1.0954451150103321,5
869,3.0,1.06321906614239,24
870,2.7777777777777777,0.6666666666666665,9
871,2.4,1.0397504898200727,75
872,3.0952380952380953,1.2842293657595634,42
873,2.962962962962963,1.0540925533894594,81
874,3.2564102564102564,1.1634329582374268,39
875,2.7358490566037736,1.2580654164877731,53
876,2.702127659574468,0.9535948829246388,47
877,2.5384615384615383,1.1282736850142459,52
878,2.515151515151515,1.3946597282404614,33
879,3.2720588235294117,1.0144650972562825,136
880,3.169491525423729,1.219843720528638,59
881,2.933333333333333,1.2862913567871994,45
882,3.2941176470588234,1.1941628680530643,34
883,3.230769230769231,1.3634420996046581,13
884,3.2857142857142856,1.889822365046136,7
885,2.230769230769231,1.2351684199496948,13
886,3.0754716981132075,1.190492086423696,53
887,3.609375,1.1901338793571297,64
888,3.466666666666667,1.3020130933435712,15
889,3.3846153846153846,1.0439078454267838,13
890,1.9534883720930232,1.1537410861667323,43
891,2.6666666666666665,1.3662601021279464,6
892,2.7547169811320753,1.0543984865125433,53
893,2.4285714285714284,0.9376144618769908,14
894,1.894736842105263,1.3701069237311885,19
895,3.2169811320754715,1.0954861237184426,106
896,3.772727272727273,1.008421201303751,44
897,1.5,0.7071067811865476,2
898,3.2241379310344827,1.3513229833029046,58
899,3.4444444444444446,1.4240006242195884,9
900,3.6904761904761907,0.9997095977868197,42
901,1.9166666666666667,1.5050420310248864,12
902,3.8333333333333335,1.1024731989810659,42
903,3.111111111111111,1.0226199851298272,18
904,3.45,1.4680814547887788,20
905,3.2222222222222223,0.9336995618478526,27
906,3.1904761904761907,1.2891488517253396,21
907,2.0,1.4142135623730951,2
908,2.5,1.5043795713638368,20
909,3.769230769230769,1.2351684199496948,13
910,2.0,0.816496580927726,4
911,2.5,0.5773502691896257,4
912,3.0,0.7071067811865476,9
913,2.5,2.1213203435596424,2
914,2.727272727272727,1.420627262226731,11
915,3.923076923076923,0.8623164985025764,13
916,3.1666666666666665,1.2947859237091257,18
917,3.4285714285714284,0.7867957924694432,7
918,3.0,1.0690449676496976,8
919,3.7916666666666665,1.2045236373697512,96
920,2.2,1.3038404810405297,5
921,3.9782608695652173,1.021744269696192,46
922,3.823529411764706,1.1407224780094443,34
923,4.155172413793103,0.8746272216033009,58
924,3.4,1.1359912809859898,85
925,3.323529411764706,0.9118940739685928,34
926,2.702970297029703,1.0634336317367956,101
927,3.1666666666666665,1.1690451944500122,6
928,3.1153846153846154,1.0821382312836356,104
929,2.7,1.066987131347674,40
930,2.7,1.011328240546353,80
931,2.1578947368421053,0.9021694821019441,57
932,2.925,1.141018438467616,40
933,2.4285714285714284,1.0281745265969475,21
934,2.926470588235294,0.9821720746369568,68
935,3.2857142857142856,0.951189731211342,7
936,3.9375,0.9482581654734625,32
937,3.4054054054054053,1.0661316225666682,37
938,2.88,1.0923979738782628,25
939,3.6,0.7635776630164264,60
940,2.34375,0.9370294518041508,32
941,3.0652173913043477,1.1431374742454008,46
942,3.488888888888889,0.9200351332773367,45
943,3.475,0.9054677216067919,40
944,3.0,1.091089451179962,43
945,3.925,0.858964791374194,40
946,3.1475409836065573,1.0775909176456293,61
947,3.235294117647059,1.147247344990711,17
948,2.1666666666666665,1.0980317658725764,48
949,3.3380281690140845,0.9249503766122652,71
950,2.9,0.9948141396330236,30
951,2.8205128205128207,1.0971684818034502,39
952,3.1777777777777776,1.093137454737278,45
953,3.3181818181818183,0.9945740239808643,22
954,3.5454545454545454,1.0357254813546264,11
955,3.4081632653061225,1.135017755862193,49
956,3.608695652173913,0.8557845229720237,46
957,2.0,1.4142135623730951,2
958,3.7857142857142856,1.2513728724621074,14
959,3.46875,1.0978875820671,64
960,3.24,1.3,25
961,3.6176470588235294,1.2064148209229704,34
962,3.130434782608696,1.179535649239177,23
963,4.2926829268292686,0.8730378697119726,41
964,3.3333333333333335,1.224744871391589,9
965,3.6666666666666665,0.9128709291752768,21
966,4.1923076923076925,0.8952868040680938,26
967,3.1666666666666665,0.8348471099367218,12
968,3.7222222222222223,1.0740552924509195,18
969,3.8,1.0904995136125413,75
970,3.25,1.0350983390135313,8
971,3.676470588235294,0.9118940739685929,34
972,3.1785714285714284,0.8629652337776967,28
973,3.5,1.2909944487358056,4
974,3.03125,1.0620848334989004,32
975,3.159090909090909,1.0771016625849856,44
976,1.8333333333333333,1.1934162828797101,12
977,2.693877551020408,1.024778057936064,49
978,2.5185185185185186,1.1221672153735642,27
979,3.2,0.9941002434954168,35
980,3.1818181818181817,1.1396057645963795,22
981,1.75,0.8864052604279183,8
982,2.8,1.1964860832322377,20
983,2.4,0.7367883976130072,15
984,2.8636363636363638,1.286620037348789,44
985,2.8636363636363638,0.9902118361842988,22
986,2.5652173913043477,1.308228745515434,23
987,2.5,1.0,4
988,2.313953488372093,1.1089117920362737,86
989,2.84375,1.370410228197523,32
990,3.090909090909091,1.377580223699249,33
991,2.24,1.0908712114635712,25
992,3.0,1.1547005383792515,4
993,3.515151515151515,0.9646430067834063,66
994,2.2857142857142856,1.1126972805283737,7
995,3.161290322580645,1.2137208408731772,31
996,2.5,1.0919284281983377,14
997,2.125,1.1474609652039003,16
998,2.5625,1.3149778198382918,16
999,2.8,1.1352924243950933,10
1000,3.0,0.6666666666666666,10
1001,2.0,1.4142135623730951,17
1002,1.875,1.246423454758225,8
1003,2.25,1.0350983390135313,8
1004,3.111111111111111,1.0540925533894596,9
1005,3.6818181818181817,1.2867960816866657,22
1006,2.8260869565217392,1.1541298931561732,23
1007,4.127659574468085,0.679418590208977,47
1008,3.3783783783783785,1.1143346632595352,37
1009,3.375,1.1478067422089475,64
1010,3.25,1.1437392774945354,44
1011,3.225806451612903,0.9569997530559912,93
1012,3.53,1.067944310582275,100
1013,2.289473684210526,1.010964076589088,38
1014,3.061224489795918,1.0336236581128364,98
1015,2.8333333333333335,1.3371158468430429,12
1016,3.45985401459854,1.0432880611468527,137
1017,3.24,1.0214035960982557,50
1018,3.1875,0.8590129369261278,32
1019,3.967741935483871,1.048296108541282,31
1020,3.8857142857142857,0.7581490064402817,35
1021,3.8157894736842106,1.1821936357122866,38
1022,3.4375,1.3663584756098848,32
1023,2.5806451612903225,0.9228287507581275,31
1024,3.6,1.2421180068162374,15
1025,2.9318181818181817,1.301121649796325,44
1026,2.5,1.9148542155126764,4
1027,2.6666666666666665,1.5275252316519465,3
1028,3.0405405405405403,1.0934460186146344,148
1029,2.0,1.3008872711759816,14
1030,2.25,1.1641577031891928,20
1031,2.2857142857142856,1.3801311186847083,7
1032,2.875,1.0878112581387147,16
1033,2.78125,1.237436867076458,32
1034,2.5185185185185186,1.1559335345002915,27
1035,3.161764705882353,0.9401539111476275,68
1036,2.75,1.1887150534341144,24
1037,2.0,1.1033545687347408,24
1038,2.823529411764706,1.3800042625680118,17
1039,4.011111111111111,0.8545245664734378,90
1040,2.6,1.0408329997330663,25
1041,3.193548387096774,1.0533118679018716,62
1042,3.142857142857143,1.0788981249502494,28
1043,3.0,1.1952286093343936,8
1044,3.225,0.9736924170788859,40
1045,3.24,0.9255628917943215,25
1046,3.1739130434782608,0.9019570777195051,46
1047,2.8358208955223883,1.0126569671383931,134
1048,3.0136986301369864,0.9788478301459481,73
1049,2.52,0.9626352718795768,25
1050,3.6511627906976742,0.8418720898838257,43
1051,3.2439024390243905,0.9690327085521429,41
1052,2.28,1.173314393786536,25
1053,3.4583333333333335,0.9770927002733858,24
1054,2.3043478260869565,1.1455361035021454,23
1055,3.2,0.7888106377466155,10
1056,3.2,1.2292725943057183,10
1057,2.3181818181818183,0.9454836825347087,22
1058,3.2666666666666666,1.162919151265879,15
1059,2.7714285714285714,1.2853407487262412,35
1060,3.051282051282051,1.1459015744616012,39
1061,2.9310344827586206,1.131719124756625,29
1062,3.75,1.4847711791873708,12
1063,3.658536585365854,1.1092735482639298,41
1064,4.25,0.5,4
1065,3.490566037735849,1.3675165799787183,53
1066,3.0,1.211060141638997,16
1067,3.4545454545454546,1.10925379180331,44
1068,3.1666666666666665,0.9374368665610922,12
1069,3.1666666666666665,1.4245742398014511,18
1070,3.740740740740741,1.0225380411427467,27
1071,2.875,0.9574271077563381,16
1072,2.4285714285714284,1.1338934190276817,7
1073,3.8181818181818183,1.0800155399037399,66
1074,2.961038961038961,1.0568269096134508,77
1075,3.4285714285714284,0.9759000729485332,7
1076,2.25,0.621581560508061,12
1077,3.125,0.9910312089651149,8
1078,2.772727272727273,1.109775532079227,22
1079,2.2444444444444445,1.1511961280566074,45
1080,4.0,0.0,2
1081,2.75,1.164964745021435,8
1082,2.625,0.5175491695067657,8
1083,2.5,0.8366600265340756,6
1084,3.857142857142857,1.0623424252901836,21
1085,3.0,1.5491933384829668,11
1086,3.2857142857142856,1.1464230084422216,21
1087,1.7,1.0593499054713804,10
1088,2.230769230769231,1.0127393670836666,13
1089,2.1315789473684212,1.094730687147595,38
1090,2.4054054054054053,1.1892915598853018,37
1091,2.7209302325581395,0.9838113784409817,43
1092,2.5,0.7977240352174656,12
1093,3.0869565217391304,1.4114159066908945,23
1094,2.4166666666666665,1.5642792899510294,12
1095,2.6206896551724137,1.0492784290524975,29
1096,2.6666666666666665,0.5773502691896257,3
1097,3.5,1.2485285456935955,18
1098,3.6904761904761907,0.8968262533442988,42
1099,3.4615384615384617,1.39136531360295,13
1100,2.625,1.0606601717798212,8
1101,3.77027027027027,0.8843742048321677,74
1102,2.4285714285714284,1.3972762620115438,7
1103,3.789473684210526,0.9763280054720367,19
1104,3.0,1.8257418583505538,4
1105,2.8333333333333335,1.3394467690277296,18
1106,3.0,1.1547005383792515,4
1107,3.0555555555555554,0.9983646759294875,18
1108,2.4,1.3416407864998738,5
1109,3.4285714285714284,0.959497222838566,28
1110,2.8536585365853657,1.1950099499534743,41
1111,3.4285714285714284,1.2724180205607034,7
1112,2.8,0.8618916073713346,15
1113,3.272727272727273,1.0771133460194244,22
1114,3.3,1.3374935098492586,10
1115,3.413793103448276,0.9070061182385528,29
1116,3.6153846153846154,0.6504436355879908,13
1117,3.1052631578947367,0.9941348467724346,19
1118,3.25531914893617,0.9883689925806618,47
1119,3.6610169491525424,0.8223215557718789,59
1120,3.0,1.118033988749895,17
1121,3.761904761904762,1.0442586798663398,21
1122,5.0,0.0,1
1123,3.6666666666666665,0.5773502691896258,3
1124,3.8333333333333335,0.3892494720807615,12
1125,4.25,0.5,4
1126,3.34375,1.285386222866685,32
1127,2.909090909090909,1.300349603340998,11
1128,2.6923076923076925,1.3155870289605438,13
1129,3.5714285714285716,1.259881576697424,28
1130,4.0,0.0,1
1131,4.0,0.8164965809277261,13
1132,2.625,1.128801819801464,32
1133,2.966666666666667,0.8899179866642238,30
1134,3.3157894736842106,1.1649211354328217,38
1135,2.9782608695652173,1.085032112884378,46
1136,3.4827586206896552,1.0562970921090475,29
1137,3.9655172413793105,1.0516231882424718,29
1138,3.4,1.3416407864998738,5
1139,2.606060606060606,1.0879853497231113,33
1140,2.2941176470588234,0.985184366143778,17
1141,3.3333333333333335,0.8660254037844386,9
1142,4.045454545454546,1.0987211478243843,44
1143,4.0,0.9258200997725514,15
1144,3.6666666666666665,1.1547005383792515,3
1145,2.6666666666666665,0.7071067811865476,9
1146,2.0,1.0,3
1147,3.6666666666666665,0.8563488385776752,21
1148,3.3333333333333335,1.1180339887498947,9
1149,3.8461538461538463,0.6748219138295788,26
1150,3.111111111111111,1.4529663145135578,9
1151,2.142857142857143,0.8997354108424375,7
1152,3.4285714285714284,1.1683661091795519,28
1153,3.473684210526316,0.964274111134126,19
1154,3.3333333333333335,1.497472618255253,12
1155,3.3333333333333335,1.5275252316519468,3
1156,3.0,0.0,1
1157,2.88,1.2688577540449522,25
1158,4.0,0.8164965809277259,4
1159,3.5454545454545454,1.4396969378057567,11
1160,3.6153846153846154,1.2985198674467195,26
1161,2.923076923076923,0.8623164985025763,13
1162,1.6,0.894427190999916,5
1163,2.68,1.2151817422372122,25
1164,2.1666666666666665,0.9831920802501751,6
1165,1.8571428571428572,0.7703288865196433,14
1166,3.1666666666666665,1.337115846843043,12
1167,3.5454545454545454,1.4396969378057567,11
1168,3.3181818181818183,1.04135276655684,22
1169,4.1,0.5676462121975467,10
1170,3.074074074074074,1.0715167512214394,27
1171,3.142857142857143,1.0271051820261912,14
1172,3.6666666666666665,1.1751393027860062,15
1173,2.5714285714285716,1.1338934190276817,7
1174,3.25,1.2817398889233114,8
1175,3.4,2.1908902300206643,5
1176,3.3636363636363638,1.3643576735855822,22
1177,1.8571428571428572,1.5735915849388864,7
1178,2.473684210526316,1.0202625507753482,19
1179,2.111111111111111,1.0540925533894598,9
1180,2.5,0.8498365855987974,10
1181,2.5,1.0801234497346435,10
1182,2.3076923076923075,0.7510676161988108,13
1183,2.210526315789474,1.0841764600337105,19
1184,2.5,1.2692955176439846,10
1185,2.2777777777777777,1.127493605332358,18
1186,3.3333333333333335,0.5773502691896258,3
1187,3.230769230769231,1.0919284281983377,13
1188,2.772727272727273,1.0084212013037512,44
1189,5.0,0.0,3
1190,3.3636363636363638,1.026910636104941,11
1191,4.333333333333333,1.1547005383792515,3
1192,3.3846153846153846,1.3867504905630728,13
1193,3.8,1.1352924243950933,10
1194,4.064516129032258,0.8920195764282209,31
1195,3.272727272727273,1.4893561757289016,11
1196,3.0,1.0,3
1197,3.5555555555555554,0.8133979109981546,45
1198,3.142857142857143,1.2149857925879117,7
1199,2.869565217391304,1.391674851853202,23
1200,3.2857142857142856,1.1126972805283735,7
1201,5.0,0.0,1
1202,3.5,1.1952286093343936,8
1203,4.0476190476190474,1.1169686869465265,21
1204,3.611111111111111,0.9164438231805326,18
1205,3.0,1.2649110640673518,6
1206,2.6842105263157894,1.002919714242558,19
1207,2.2941176470588234,1.1599949289950011,17
1208,2.85,0.9333020044867296,20
1209,2.533333333333333,1.0600988273786192,15
1210,2.736842105263158,1.1782765821848356,38
1211,3.4166666666666665,0.7929614610987591,12
1212,2.8333333333333335,0.983192080250175,6
1213,2.1666666666666665,0.752772652709081,6
1214,2.0,0.9999999999999999,9
1215,1.9333333333333333,0.9802650357071218,30
1216,3.0,0.8944271909999159,6
1217,2.871794871794872,1.1280977743059606,39
1218,3.4615384615384617,0.9478721108153455,26
1219,2.9,1.020835571068081,20
1220,3.3333333333333335,1.18418699983352,30
1221,3.4871794871794872,1.0226846731132635,39
1222,2.68,0.9882644720249062,25
1223,3.5,0.5773502691896257,4
1224,2.6666666666666665,0.8876253645985945,12
1225,2.642857142857143,0.744946343668492,14
1226,3.375,0.7931155389125321,32
1227,2.375,1.0606601717798212,8
1228,2.4583333333333335,1.0710570108856838,48
1229,2.1538461538461537,1.1435437497937313,13
1230,1.8333333333333333,0.7859052479933757,18
1231,2.5,0.9128709291752769,22
1232,2.4705882352941178,1.1245914290767742,17
1233,3.5,1.51657508881031,6
1234,2.375,1.5979898086569355,8
1235,4.0,0.0,1
1236,3.0,0.0,1
1237,3.5,0.8366600265340756,6
1238,3.125,1.1259916264596033,8
1239,2.4444444444444446,1.247219128924647,18
1240,3.6538461538461537,1.3249092857190696,26
1241,2.6666666666666665,1.2110601416389966,6
1242,2.6,1.816590212458495,5
1243,3.7142857142857144,0.7559289460184544,7
1244,2.9166666666666665,0.9373214115613856,36
1245,3.210526315789474,1.3156725094212403,19
1246,1.5714285714285714,0.7867957924694431,7
1247,1.8333333333333333,0.752772652709081,6
1248,3.0,0.74535599249993,19
1249,2.8333333333333335,0.8348471099367218,12
1250,1.5,0.8366600265340756,6
1251,4.125,0.8345229603962802,8
1252,3.0,1.3228756555322951,9
1253,2.4285714285714284,1.2724180205607034,7
1254,1.8181818181818181,0.873862897505303,11
1255,2.25,1.0350983390135313,8
1256,2.0,1.0,3
1257,1.75,0.9574271077563381,4
1258,2.5217391304347827,1.122884484360431,23
1259,2.0,1.1547005383792515,4
1260,2.75,1.707825127659933,4
1261,3.25,1.5,4
1262,3.625,1.1877349391654206,8
1263,2.933333333333333,0.8837151016885368,15
1264,3.2857142857142856,0.7559289460184544,7
1265,3.0526315789473686,1.26814318375447,19
1266,3.1666666666666665,1.4034589305344742,12
1267,3.0,0.9013878188659974,33
1268,3.3,1.4181364924121764,10
1269,3.9,1.1005049346146119,10
1270,2.2857142857142856,0.951189731211342,7
1271,2.7142857142857144,0.9511897312113419,7
1272,1.8,1.0954451150103321,5
1273,2.7333333333333334,0.961150104723255,15
1274,1.7272727272727273,0.7862453931068965,11
1275,2.5,1.9148542155126762,4
1276,2.5,1.1952286093343936,8
1277,3.4210526315789473,1.121298328510512,19
1278,3.625,1.2583057392117916,16
1279,2.888888888888889,0.927960727138337,9
1280,2.6875,1.4476993242152645,16
1281,3.1538461538461537,1.0681880176381129,13
1282,3.2222222222222223,1.3017082793177757,9
1283,2.6842105263157894,1.1572300058975775,19
1284,2.8461538461538463,1.007662947311558,26
1285,3.1333333333333333,0.6399404734221844,15
1286,3.7058823529411766,1.1048023512348795,17
1287,1.3333333333333333,0.5163977794943223,6
1288,3.0,1.414213562373095,7
1289,2.142857142857143,1.0690449676496976,7
1290,1.5,0.7071067811865476,2
1291,2.2,1.01418510567422,15
1292,1.6666666666666667,1.1547005383792517,3
1293,5.0,0.0,3
1294,3.142857142857143,1.5735915849388864,7
1295,2.5714285714285716,1.3972762620115438,7
1296,3.25,1.25131509768092,20
1297,2.8333333333333335,1.1934162828797101,12
1298,3.6666666666666665,1.118033988749895,9
1299,3.0,0.9258200997725514,8
1300,2.3333333333333335,1.0,9
1301,3.8,0.8366600265340756,5
1302,3.4,1.6733200530681511,5
1303,2.3333333333333335,0.9074852129730301,18
1304,2.5,2.1213203435596424,2
1305,2.4285714285714284,1.1338934190276817,7
1306,3.0,2.8284271247461903,2
1307,1.5,0.7071067811865476,2
1308,1.0,0.0,2
1309,1.0,0.0,1
1310,3.0,0.0,1
1311,2.5,1.2649110640673518,16
1312,3.0,1.1547005383792515,7
1313,3.142857142857143,1.231455852429764,14
1314,2.4545454545454546,0.8201995322647245,11
1315,3.130434782608696,0.9678630550241248,23
1316,2.7142857142857144,1.7043362064926935,7
1317,2.0,1.4142135623730951,4
1318,1.3333333333333333,0.5773502691896258,3
1319,1.75,0.9574271077563381,4
1320,1.0,0.0,1
1321,2.5,2.1213203435596424,2
1322,2.3333333333333335,0.816496580927726,6
1323,2.6666666666666665,1.5275252316519468,3
1324,2.4,1.1401754250991378,5
1325,1.0,0.0,1
1326,3.3333333333333335,1.2110601416389966,6
1327,2.3333333333333335,1.5275252316519465,3
1328,3.1666666666666665,1.3291601358251257,6
1329,1.0,0.0,1
1330,2.5,1.0,4
1331,3.0,1.4142135623730951,4
1332,2.0,1.4142135623730951,2
1333,2.8,1.0954451150103324,5
1334,1.0,0.0,2
1335,2.6363636363636362,1.1200649331826502,11
1336,1.8,0.9189365834726815,10
1337,2.3333333333333335,1.0,9
1338,2.25,1.5000000000000002,4
1339,1.0,0.0,1
1340,1.0,0.0,1
1341,1.0,0.0,1
1342,2.5,2.1213203435596424,2
1343,1.0,0.0,1
1344,3.2,1.4832396974191326,5
1345,2.0,1.4142135623730951,2
1346,2.4,1.3416407864998738,5
1347,2.75,1.707825127659933,4
1348,1.0,0.0,1
1349,1.0,0.0,1
1350,1.5,0.7071067811865476,2
1351,2.0,1.0,3
1352,1.0,0.0,1
1353,2.6,1.51657508881031,5
1354,1.0,0.0,2
1355,2.6666666666666665,1.8618986725025255,6
1356,2.6666666666666665,1.5275252316519468,3
1357,2.6666666666666665,2.0816659994661326,3
1358,3.0,2.8284271247461903,2
1359,1.0,0.0,2
1360,1.5,0.7071067811865476,2
1361,2.6666666666666665,1.5275252316519468,3
1362,2.0,1.4142135623730951,2
1363,1.0,0.0,1
1364,1.0,0.0,1
1365,1.5,0.7071067811865476,2
1366,1.0,0.0,1
1367,4.2,1.3038404810405297,5
1368,3.6666666666666665,1.7511900715418263,6
1369,2.75,1.2583057392117916,4
1370,2.6666666666666665,1.5275252316519468,3
1371,1.5,0.7071067811865476,2
1372,3.0,1.7320508075688772,3
1373,1.0,0.0,1
1374,1.0,0.0,2
1375,3.6,1.2649110640673518,10
1376,2.142857142857143,1.0690449676496976,7
1377,3.25,1.707825127659933,4
1378,2.2,0.8366600265340756,5
1379,2.857142857142857,0.8997354108424372,7
1380,2.3333333333333335,1.0327955589886444,6
1381,3.25,0.8864052604279183,8
1382,2.0,1.1547005383792515,4
1383,2.0,1.2649110640673518,6
1384,1.6666666666666667,1.1547005383792517,3
1385,2.8,1.3038404810405297,5
1386,2.6666666666666665,1.3662601021279464,6
1387,2.0,1.0,3
1388,3.3333333333333335,1.3662601021279464,6
1389,3.0,2.0,3
1390,2.0,1.4142135623730951,2
1391,2.0,1.7320508075688772,3
1392,2.0,1.4142135623730951,5
1393,2.111111111111111,0.7817359599705717,9
1394,2.4285714285714284,1.8126539343499315,7
1395,2.3333333333333335,1.505545305418162,6
1396,4.2,0.44721359549995804,5
1397,3.2,1.3038404810405297,5
1398,4.5,0.7071067811865476,2
1399,2.4285714285714284,0.9759000729485332,7
1400,3.1,1.1005049346146119,10
1401,3.2222222222222223,1.1659661762602749,18
1402,2.75,1.4999999999999998,4
1403,2.75,1.2583057392117916,4
1404,3.230769230769231,1.3008872711759818,13
1405,3.3333333333333335,1.632993161855452,6
1406,3.4,0.5477225575051661,5
1407,2.25,0.7863975156570492,20
1408,1.0,0.0,3
1409,2.857142857142857,1.2149857925879117,7
1410,2.75,1.707825127659933,4
1411,2.5714285714285716,1.1031460542154956,28
1412,1.6666666666666667,0.816496580927726,6
1413,2.75,1.2817398889233114,8
1414,2.0,0.0,1
1415,2.4444444444444446,1.130388330520878,9
1416,2.4,0.5477225575051661,5
1417,2.5,0.7071067811865476,2
1418,3.6666666666666665,0.5773502691896258,3
1419,2.125,1.0878112581387147,16
1420,1.3333333333333333,0.5773502691896257,3
1421,3.1818181818181817,1.1677484162422844,11
1422,2.25,0.9574271077563381,4
1423,2.25,0.957427107756338,4
1424,2.3333333333333335,1.1547005383792515,3
1425,2.6,1.1737877907772674,10
1426,3.25,1.2817398889233114,8
1427,2.8,1.3038404810405297,5
1428,3.6666666666666665,0.778498944161523,12
1429,2.75,2.0615528128088303,4
1430,2.3333333333333335,1.1547005383792515,3
1431,3.4,1.51657508881031,5
1432,1.0,0.0,3
1433,2.0,1.4142135623730951,2
1434,2.5,1.509230856356236,10
1435,2.5714285714285716,0.9759000729485331,7
1436,2.5,0.7071067811865476,2
1437,2.0,0.7071067811865476,9
1438,2.4,1.3416407864998738,5
1439,3.0,1.1952286093343936,8
1440,3.0,0.7071067811865476,5
1441,2.5714285714285716,0.7867957924694432,7
1442,2.4,1.3416407864998738,5
1443,3.75,1.2583057392117916,4
1444,2.473684210526316,0.964274111134126,19
1445,2.75,1.2583057392117918,4
1446,3.1333333333333333,1.0600988273786192,15
1447,3.0,0.0,1
1448,3.6666666666666665,1.1547005383792515,3
1449,4.625,0.5175491695067655,8
1450,4.0,1.4142135623730951,2
1451,3.8666666666666667,0.7432233529572065,15
1452,4.0,0.0,1
1453,2.0,0.0,1
1454,3.0,0.6324555320336759,6
1455,2.5,0.7071067811865476,2
1456,3.7142857142857144,0.4879500364742666,7
1457,3.0,0.0,1
1458,4.0,0.0,1
1459,3.5714285714285716,0.9759000729485331,7
1460,3.0,0.0,1
1461,2.0,0.0,1
1462,3.7142857142857144,0.9511897312113419,7
1463,3.3333333333333335,2.0816659994661326,3
1464,2.3333333333333335,1.5275252316519468,3
1465,2.3333333333333335,0.5773502691896258,3
1466,4.0,0.8944271909999159,6
1467,5.0,0.0,2
1468,3.3333333333333335,1.3662601021279464,6
1469,3.1666666666666665,1.1934162828797104,12
1470,2.6,1.51657508881031,5
1471,2.4444444444444446,1.130388330520878,9
1472,3.5,2.1213203435596424,2
1473,3.5555555555555554,1.2360330811826103,9
1474,2.8333333333333335,1.1690451944500122,6
1475,2.875,1.246423454758225,8
1476,2.0,0.0,1
1477,2.5,0.7071067811865476,2
1478,2.7222222222222223,1.0178151661369075,18
1479,2.75,1.164964745021435,8
1480,2.272727272727273,1.009049958219026,11
1481,3.0,1.4142135623730951,2
1482,4.0,0.0,1
1483,3.4166666666666665,1.0836246694508316,12
1484,2.6666666666666665,1.5275252316519468,3
1485,3.5,0.5773502691896257,4
1486,1.0,0.0,1
1487,2.0,1.0,5
1488,3.0,1.4142135623730951,4
1489,2.2,0.8366600265340756,5
1490,3.0,1.0,3
1491,3.0,2.8284271247461903,2
1492,4.0,0.0,1
1493,1.0,0.0,1
1494,1.0,0.0,1
1495,3.6,0.8944271909999159,5
1496,2.8,1.3038404810405297,5
1497,3.0,1.4142135623730951,2
1498,4.0,0.0,1
1499,3.25,1.707825127659933,4
1500,5.0,0.0,2
1501,3.0,1.224744871391589,5
1502,1.5,0.7071067811865476,2
1503,3.1,1.1972189997378646,10
1504,3.6666666666666665,0.5773502691896257,3
1505,4.0,0.0,1
1506,3.6666666666666665,0.5773502691896258,3
1507,3.0,0.0,1
1508,2.3333333333333335,1.1547005383792515,3
1509,1.6,0.8944271909999159,5
1510,3.0,0.0,1
1511,3.2,0.8366600265340756,5
1512,4.0,1.6733200530681511,6
1513,2.0,0.0,3
1514,3.142857142857143,1.2149857925879117,7
1515,4.0,0.0,1
1516,4.0,1.0,3
1517,2.8,1.3038404810405297,5
1518,3.0,0.8528028654224418,12
1519,3.0,1.4142135623730951,2
1520,3.0,0.0,1
1521,3.0,0.0,4
1522,2.4285714285714284,0.7867957924694432,7
1523,3.0,1.4142135623730951,2
1524,4.25,0.7071067811865476,8
1525,4.0,0.0,1
1526,4.0,0.0,1
1527,2.4285714285714284,1.2724180205607036,7
1528,2.3333333333333335,0.5773502691896258,3
1529,2.8,1.4832396974191326,5
1530,2.0,0.7071067811865476,5
1531,3.2857142857142856,1.1126972805283737,7
1532,2.0,0.0,2
1533,4.0,0.0,1
1534,2.1666666666666665,1.4719601443879744,6
1535,3.0,1.4142135623730951,4
1536,5.0,0.0,1
1537,4.0,0.816496580927726,4
1538,3.0,0.0,3
1539,1.75,0.5,4
1540,2.8,1.2292725943057183,10
1541,3.5,0.7071067811865476,2
1542,3.0,1.4142135623730951,2
1543,3.0,0.0,1
1544,2.6666666666666665,1.5275252316519465,3
1545,2.5,1.0,4
1546,1.0,0.0,1
1547,3.0,1.4142135623730951,2
1548,1.0,0.0,1
1549,1.5,0.7071067811865476,2
1550,3.0,0.0,2
1551,2.0,1.4142135623730951,2
1552,2.0,1.0,3
1553,2.75,1.2583057392117916,4
1554,3.0,1.4142135623730951,2
1555,2.6,1.1401754250991378,5
1556,2.0,1.4142135623730951,2
1557,1.0,0.0,1
1558,3.5714285714285716,1.9023794624226837,7
1559,1.0,0.0,1
1560,2.75,1.5,4
1561,1.0,0.0,1
1562,1.0,0.0,1
1563,1.0,0.0,1
1564,1.0,0.0,1
1565,1.0,0.0,1
1566,1.0,0.0,1
1567,1.0,0.0,1
1568,1.0,0.0,1
1569,1.0,0.0,1
1570,1.0,0.0,1
1571,1.0,0.0,1
1572,1.0,0.0,1
1573,2.5,2.1213203435596424,2
1574,1.0,0.0,1
1575,1.0,0.0,1
1576,1.0,0.0,1
1577,1.0,0.0,1
1578,2.0,1.4142135623730951,2
1579,1.0,0.0,1
1580,1.0,0.0,1
1581,1.0,0.0,1
1582,1.0,0.0,1
1583,1.0,0.0,1
1584,1.0,0.0,1
1585,2.5,2.1213203435596424,2
1586,1.0,0.0,1
1587,1.0,0.0,1
1588,2.0,1.4142135623730951,2
1589,3.0,1.632993161855452,4
1590,2.0,1.4142135623730951,2
1591,3.1666666666666665,1.8348478592697182,6
1592,3.6,1.6733200530681511,5
1593,4.0,0.0,1
1594,4.5,0.7071067811865476,2
1595,2.0,0.0,1
1596,2.0,0.0,1
1597,3.0,1.4142135623730951,5
1598,2.5,1.51657508881031,6
1599,5.0,0.0,1
1600,3.75,0.957427107756338,4
1601,1.0,0.0,1
1602,3.3333333333333335,0.5773502691896258,3
1603,3.0,0.0,1
1604,4.0,0.0,1
1605,3.0,1.4142135623730951,4
1606,2.0,0.0,1
1607,3.3333333333333335,1.5275252316519468,3
1608,2.25,0.5,4
1609,1.6666666666666667,1.1547005383792517,3
1610,2.0,1.0,3
1611,3.0,0.0,2
1612,3.75,1.8929694486000912,4
1613,4.0,0.0,1
1614,3.0,0.0,1
1615,3.0,1.0540925533894598,10
1616,4.0,0.0,1
1617,3.0,2.8284271247461903,2
1618,1.0,0.0,1
1619,3.0,0.0,1
1620,3.2222222222222223,1.2018504251546631,9
1621,1.0,0.0,1
1622,2.3333333333333335,1.5275252316519468,3
1623,4.0,0.0,3
1624,2.0,0.0,1
1625,4.0,0.0,1
1626,1.0,0.0,1
1627,3.0,0.0,1
1628,3.75,1.5,4
1629,4.0,1.4142135623730951,2
1630,3.0,0.0,1
1631,3.5,0.7071067811865476,2
1632,3.0,0.0,1
1633,3.0,0.0,1
1634,2.0,0.0,1
1635,3.0,0.0,1
1636,4.0,0.0,1
1637,3.0,0.0,1
1638,3.0,0.0,1
1639,4.333333333333333,0.5773502691896258,3
1640,3.0,0.0,1
1641,3.0,0.0,1
1642,4.5,0.7071067811865476,2
1643,3.75,1.4999999999999998,4
1644,1.5,0.7071067811865476,2
1645,4.0,0.0,1
1646,3.5,0.7071067811865476,2
1647,3.0,0.0,1
1648,2.0,0.0,1
1649,3.0,0.0,1
1650,4.0,0.0,1
1651,4.0,0.0,1
1652,1.6666666666666667,1.1547005383792517,3
1653,5.0,0.0,1
1654,1.0,0.0,1
1655,2.0,0.0,1
1656,3.5,2.1213203435596424,2
1657,3.0,0.0,1
1658,3.0,1.0,3
1659,1.0,0.0,1
1660,2.0,0.0,1
1661,1.0,0.0,1
1662,2.5,2.1213203435596424,2
1663,2.0,0.0,1
1664,3.25,1.5,4
1665,2.0,0.0,1
1666,2.0,0.0,1
1667,3.0,0.0,1
1668,3.0,0.0,1
1669,2.0,0.0,1
1670,3.0,0.0,1
1671,1.0,0.0,1
1672,2.0,0.0,2
1673,3.0,0.0,1
1674,4.0,0.0,1
1675,3.0,0.0,1
1676,2.0,0.0,1
1677,3.0,0.0,1
1678,1.0,0.0,1
1679,3.0,0.0,1
1680,2.0,0.0,1
1681,3.0,0.0,1
1682,3.0,0.0,1
